dni;apellido;licencia;dias_actual_siape;dias_correcto;ley_id;ocupacion
17715510;ACEVEDO JOSE;ANUAL COMPLEMENTARIA;12;6;13;CAMILLERO
92295034;ACOSTA ALMEIDA NANCY IRENE;ANUAL COMPLEMENTARIA;12;6;13;ENFERMERO B
39486417;ACOSTA MARIANA AYELEN;ANUAL COMPLEMENTARIA;12;6;13;MUCAMA
24874279;ALANIZ JAVIER JORGE;ANUAL COMPLEMENTARIA;12;9;9;ENFERMERO A
32092086;ALI YANINA ELIZABETH;ANUAL COMPLEMENTARIA;12;6;13;AYUDANTE ADMINISTRATIVO
43468682;ALICANSTRO HERMOSI CAMILA AGUSTINA;ANUAL COMPLEMENTARIA;12;6;13;AYUDANTE ADMINISTRATIVO
26561388;ALLENDE PAULA DEL VALLE;ANUAL COMPLEMENTARIA;12;6;13;AYUDANTE ADMINISTRATIVO
23658909;ALTAMIRANO PATRICIA ESTHER;ANUAL COMPLEMENTARIA;12;6;13;MUCAMA
38671169;ARIAS ANGELA ELIZABETH;ANUAL COMPLEMENTARIA;12;6;13;AYUDANTE ADMINISTRATIVO
29363536;ARKURIGHT YANINA LORENA;ANUAL COMPLEMENTARIA;12;6;9;ENFERMERO
30003857;ARROYO LORENA CECILIA;ANUAL COMPLEMENTARIA;12;9;9;ENFERMERA PROFESIONAL
40632849;AYALA SILVIA FABIANA;ANUAL COMPLEMENTARIA;12;6;9;ENFERMERA
37947730;BALDINI KAREN SASHI;ANUAL COMPLEMENTARIA;12;6;13;AUXILIAR FARMACIA
16571566;BARRIENTOS DANIEL;ANUAL COMPLEMENTARIA;12;6;13;OPERARIO
30585993;BAZAN AIDA LUZ;ANUAL COMPLEMENTARIA;12;6;9;ENFERMERA
95319014;BENITEZ GUSTAVO ARISTIDES;ANUAL COMPLEMENTARIA;12;6;13;OPERARIO
33516210;BERNARDO MARIA SOLEDAD;ANUAL COMPLEMENTARIA;12;6;13;AYUDANTE ADMINISTRATIVA
36166200;BLANCO PATRICIA YANET;ANUAL COMPLEMENTARIA;12;9;9;AUXILIAR DE RADIOLOGIA
46810908;BORNIA MIRNA GABRIELA;ANUAL COMPLEMENTARIA;12;6;13;AYUDANTE ADMINISTRATIVA
23008398;BRANDAN ADRIANA GRACIELA;ANUAL COMPLEMENTARIA;12;6;13;ENFERMERO B
22963065;BRITO CRISTINA DEL VALLE;ANUAL COMPLEMENTARIA;12;6;13;AYUDANTE ADMINISTRATIVO
32420813;CABALLERO YANINA GABRIELA;ANUAL COMPLEMENTARIA;12;6;13;CAMILLERO
94679346;CABAÑAS AMARILLA FATIMA RAQUEL;ANUAL COMPLEMENTARIA;12;6;13;AYUDANTE ADMINISTRATIVA
30897188;CABRAL SANDRA LUCIA;ANUAL COMPLEMENTARIA;12;6;13;AYUDANTE ADMINISTRATIVO
27859744;CABRERA YANINA SABRINA;ANUAL COMPLEMENTARIA;12;9;9;MUCAMA
34796413;CACERES DAMIAN JONATAN;ANUAL COMPLEMENTARIA;12;6;13;MUCAMO
30646056;CACERES GABRIEL RICARDO;ANUAL COMPLEMENTARIA;12;6;13;MUCAMO
35485773;CAMPOS ALDERETE NAHUEL EMILIANO;ANUAL COMPLEMENTARIA;12;9;9;MUCAMO
17705661;CARABAJAL DANIEL;ANUAL COMPLEMENTARIA;12;6;13;MUCAMO
37377737;CARMELO PAULA BELEN;ANUAL COMPLEMENTARIA;12;6;13;ENFERMERO B
28227575;CARMINATI MARIANO;ANUAL COMPLEMENTARIA;12;6;9;ENFERMERO C
44055014;CASTANE SOFIA;ANUAL COMPLEMENTARIA;12;6;13;AYUDANTE ADMINISTRATIVO
33682359;CASTAÑO MIGUEL ANGEL;ANUAL COMPLEMENTARIA;12;6;13;AYUDANTE ADMINISTRATIVO
38928923;CONTRERAS CAROLINA MARIANA;ANUAL COMPLEMENTARIA;12;9;9;MUCAMA
33597150;CORONEL JOSE CARLOS;ANUAL COMPLEMENTARIA;12;9;9;CHOFER B
34728266;CORRALES MERLO OSCAR ABEL;ANUAL COMPLEMENTARIA;12;6;9;ENFERMERO
30061454;CORREA ROMINA NOEMI;ANUAL COMPLEMENTARIA;12;9;9;ENFERMERA PROFESIONAL
28053860;CRIADO MAURICIO GUSTAVO;ANUAL COMPLEMENTARIA;12;9;9;ENFERMERO C
42101329;CUBILLAS FLECHA SILVIA NOEMI;ANUAL COMPLEMENTARIA;12;6;9;ENFERMERO
94756965;CUEVAS STEPHANIE;ANUAL COMPLEMENTARIA;12;6;9;ENFERMERA
21724015;DA ROSA MIRTHA SUSANA;ANUAL COMPLEMENTARIA 10430;12;9;3;ENFERMERO PROFESIONAL
36954879;DI PAULO MATIAS ALBERTO;ANUAL COMPLEMENTARIA;12;6;9;AYUDANTE ADMINISTRATIVO
44303917;DIAZ JULIANA ESTEFANIA;ANUAL COMPLEMENTARIA;12;6;13;AYUDANTE ADMINISTRATIVO
24984278;DIAZ PAOLA DEL CARMEN;ANUAL COMPLEMENTARIA;12;9;9;ENFERMERO B
33057842;DIOMEDE VICTORIA ANDREA;ANUAL COMPLEMENTARIA;12;9;9;AUXILIAR DE ANESTESISTA
37036779;ESCOBAR MARIANA SOLEDAD;ANUAL COMPLEMENTARIA;12;6;13;AYUDANTE ADMINISTRATIVO
43036401;GARAY FLORENCIA ARIANA;ANUAL COMPLEMENTARIA;12;6;13;GUARDIAN
24166337;GARCIA MAVEL LAURA;ANUAL COMPLEMENTARIA;12;6;13;MUCAMA
34751089;GARCIA ROBERTO ALEJANDRO;ANUAL COMPLEMENTARIA;7;6;9;MUCAMO
40381848;GEREZ YAMILA LUJAN;ANUAL COMPLEMENTARIA;12;9;9;TECNICO EN INSTRUMENTACION QUIRURGICA
25638655;GOMEZ MARIA ESTER;ANUAL COMPLEMENTARIA;12;9;9;ENFERMERO B
28875798;GOMEZ PAOLA CELESTE;ANUAL COMPLEMENTARIA;12;6;13;AYUDANTE ADMINISTRATIVA
35722450;GONZALEZ FABIAN ALEJANDRO;ANUAL COMPLEMENTARIA;12;9;9;ENFERMERO C
33298016;GONZALEZ GUSTAVO DAVID;ANUAL COMPLEMENTARIA;12;6;9;ENFERMERO
36184102;GONZALEZ NORA ESTHER;ANUAL COMPLEMENTARIA;12;6;13;AYUDANTE ADMINISTRATIVA
28839428;GRANADO JESICA ANDREA;ANUAL COMPLEMENTARIA;12;9;9;AYUDANTE ADMINISTRATIVA
26799606;IBAÑEZ LORENA ELIZABET;ANUAL COMPLEMENTARIA;12;9;9;ENFERMERO B
42905366;JOFRE AYLEN;ANUAL COMPLEMENTARIA;12;6;13;AYUDANTE ADMINISTRATIVO
30003790;LEDESMA GISELLE SUSANA;ANUAL COMPLEMENTARIA;12;9;9;ENFERMERO B
25883067;LEDESMA MARIA ELENA;ANUAL COMPLEMENTARIA;12;9;9;ENFERMERO B
37989375;MALAGA MARIA LUJAN;ANUAL COMPLEMENTARIA;12;9;9;TECNICO LABORATORISTA D
29689911;MALDONADO NOELIA RAQUEL;ANUAL COMPLEMENTARIA;12;6;13;GUARDIAN
21830598;MANSILLA LEONARDA;ANUAL COMPLEMENTARIA;12;6;13;MUCAMA
42496970;MARADEI LUCIANO;ANUAL COMPLEMENTARIA;12;6;13;OPERARIO
37667045;MARTINEZ ANGELES PAT;ANUAL COMPLEMENTARIA;12;9;9;ENFERMERO B
42134666;MARTINEZ CAMILA MAILEN;ANUAL COMPLEMENTARIA;12;6;13;AYUDANTE ADMINISTRATIVA
38862299;MATCOVICH EVANGELINA;ANUAL COMPLEMENTARIA;12;6;13;AYUDANTE ADMINISTRATIVA
40732991;MEDEIRO IVAN ALEN;ANUAL COMPLEMENTARIA;12;6;13;AYUDANTE ADMINISTRATIVO
33127422;MENDEZ GLADIS GRACIELA;ANUAL COMPLEMENTARIA;12;6;13;GUARDIAN
40851535;MONGES MARCELA NOEMI;ANUAL COMPLEMENTARIA;12;6;9;MUCAMA
29866185;MONTENEGRO DANIELA NOEMI;ANUAL COMPLEMENTARIA;12;6;13;GUARDIAN
32396786;MONTES LIDIA TOMASA;ANUAL COMPLEMENTARIA;12;6;13;GUARDIAN
39158864;NADAL JONATAN CLAUDIO;ANUAL COMPLEMENTARIA;12;6;13;INGENIERO
35980677;NORIEGA MARIANO FEDERICO;ANUAL COMPLEMENTARIA;12;9;9;AYUDANTE ADMINISTRATIVO
36732145;OJEDA ILIANA ISABEL NOE;ANUAL COMPLEMENTARIA;12;6;9;ENFERMERO
31935277;PANDOLFI MARCELA LILIANA;ANUAL COMPLEMENTARIA;12;6;13;AYUDANTE ADMINISTRATIVO
28227552;RAMOS ROMINA SOLEDAD;ANUAL COMPLEMENTARIA;12;6;13;ENFERMERA C
27085434;RIOS RODOLFO ALEJANDRO;ANUAL COMPLEMENTARIA;12;6;13;AYUDANTE ADMINISTRATIVO
42673554;RODRIGUEZ ZOE NAIMID;ANUAL COMPLEMENTARIA;12;6;13;AYUDANTE ADMINISTRATIVO
17644837;SARLI SANDRA ROSANA;ANUAL COMPLEMENTARIA;12;6;13;GUARDIAN
27263397;SAUCEDO GILDA;ANUAL COMPLEMENTARIA;12;6;13;GUARDIAN
23244843;SOSA EVA ISABEL;ANUAL COMPLEMENTARIA;12;6;13;GUARDIAN
33907225;TABORDA MONICA;ANUAL COMPLEMENTARIA;12;6;13;OPERARIO
38673135;TOLEDO LEGAL DALILA MARIBEL;ANUAL COMPLEMENTARIA;12;6;13;AYUDANTE ADMINISTRATIVA
33716141;TORRES CHRISTIAN RODRIGO;ANUAL COMPLEMENTARIA;12;6;13;AYUDANTE ADMINISTRATIVO
37145210;TORRICO CAROLINA VANESA;ANUAL COMPLEMENTARIA;12;9;9;ENFERMERO B
39766454;TRANCHINA DAIANA SOLEDAD;ANUAL COMPLEMENTARIA;12;6;13;GUARDIAN
32011386;VALDEZ ROMINA YESICA;ANUAL COMPLEMENTARIA;12;6;9;ENFERMERA
18389260;VARELA WALTER DAVID;ANUAL COMPLEMENTARIA;12;6;13;GUARDIAN
41588141;VILLAGOMEZ MAURO EZEQUIEL;ANUAL COMPLEMENTARIA;12;6;13;GUARDIAN
42647617;VILLALBA MATHIAS EMMANUEL;ANUAL COMPLEMENTARIA;12;6;13;GUARDIAN
33861233;YSE ERIKA VANESA;ANUAL COMPLEMENTARIA;12;6;13;GUARDIAN
14673432;ZERMOGLIO ADRIANA;ANUAL COMPLEMENTARIA;12;6;13;GUARDIAN
